PARAMETER,Scenario,REGION,TECHNOLOGY,FUEL,EMISSION,MODE_OF_OPERATION,YEAR,TIMESLICE,SEASON,DAYTYPE,DAILYTIMEBRACKET,STORAGE,Value
SpecifiedAnnualDemand,OP15C,CR,,E1BIO,,,2015,,,,,,13.99
SpecifiedAnnualDemand,OP15C,CR,,E1BIO,,,2016,,,,,,14.25
SpecifiedAnnualDemand,OP15C,CR,,E1BIO,,,2017,,,,,,14.49
SpecifiedAnnualDemand,OP15C,CR,,E1BIO,,,2018,,,,,,14.74
SpecifiedAnnualDemand,OP15C,CR,,E1BIO,,,2019,,,,,,14.98
SpecifiedAnnualDemand,OP15C,CR,,E1BIO,,,2020,,,,,,15.24
SpecifiedAnnualDemand,OP15C,CR,,E1BIO,,,2021,,,,,,15.48
SpecifiedAnnualDemand,OP15C,CR,,E1BIO,,,2022,,,,,,15.72
SpecifiedAnnualDemand,OP15C,CR,,E1BIO,,,2023,,,,,,15.97
SpecifiedAnnualDemand,OP15C,CR,,E1BIO,,,2024,,,,,,16.22
SpecifiedAnnualDemand,OP15C,CR,,E1BIO,,,2025,,,,,,16.47
SpecifiedAnnualDemand,OP15C,CR,,E1BIO,,,2026,,,,,,16.71
SpecifiedAnnualDemand,OP15C,CR,,E1BIO,,,2027,,,,,,16.96
SpecifiedAnnualDemand,OP15C,CR,,E1BIO,,,2028,,,,,,17.21
SpecifiedAnnualDemand,OP15C,CR,,E1BIO,,,2029,,,,,,17.45
SpecifiedAnnualDemand,OP15C,CR,,E1BIO,,,2030,,,,,,17.7
SpecifiedAnnualDemand,OP15C,CR,,E1BIO,,,2031,,,,,,17.94
SpecifiedAnnualDemand,OP15C,CR,,E1BIO,,,2032,,,,,,18.2
SpecifiedAnnualDemand,OP15C,CR,,E1BIO,,,2033,,,,,,18.44
SpecifiedAnnualDemand,OP15C,CR,,E1BIO,,,2034,,,,,,18.69
SpecifiedAnnualDemand,OP15C,CR,,E1BIO,,,2035,,,,,,18.93
SpecifiedAnnualDemand,OP15C,CR,,E1BIO,,,2036,,,,,,19.19
SpecifiedAnnualDemand,OP15C,CR,,E1BIO,,,2037,,,,,,19.43
SpecifiedAnnualDemand,OP15C,CR,,E1BIO,,,2038,,,,,,19.67
SpecifiedAnnualDemand,OP15C,CR,,E1BIO,,,2039,,,,,,19.92
SpecifiedAnnualDemand,OP15C,CR,,E1BIO,,,2040,,,,,,20.17
SpecifiedAnnualDemand,OP15C,CR,,E1BIO,,,2041,,,,,,20.42
SpecifiedAnnualDemand,OP15C,CR,,E1BIO,,,2042,,,,,,20.66
SpecifiedAnnualDemand,OP15C,CR,,E1BIO,,,2043,,,,,,20.91
SpecifiedAnnualDemand,OP15C,CR,,E1BIO,,,2044,,,,,,21.16
SpecifiedAnnualDemand,OP15C,CR,,E1BIO,,,2045,,,,,,21.4
SpecifiedAnnualDemand,OP15C,CR,,E1BIO,,,2046,,,,,,21.65
SpecifiedAnnualDemand,OP15C,CR,,E1BIO,,,2047,,,,,,21.89
SpecifiedAnnualDemand,OP15C,CR,,E1BIO,,,2048,,,,,,22.15
SpecifiedAnnualDemand,OP15C,CR,,E1BIO,,,2049,,,,,,22.41
SpecifiedAnnualDemand,OP15C,CR,,E1BIO,,,2050,,,,,,22.67
SpecifiedAnnualDemand,OP15C,CR,,E1FWO,,,2015,,,,,,10.83
SpecifiedAnnualDemand,OP15C,CR,,E1FWO,,,2016,,,,,,10.62
SpecifiedAnnualDemand,OP15C,CR,,E1FWO,,,2017,,,,,,10.43
SpecifiedAnnualDemand,OP15C,CR,,E1FWO,,,2018,,,,,,10.23
SpecifiedAnnualDemand,OP15C,CR,,E1FWO,,,2019,,,,,,10.03
SpecifiedAnnualDemand,OP15C,CR,,E1FWO,,,2020,,,,,,9.83
SpecifiedAnnualDemand,OP15C,CR,,E1FWO,,,2021,,,,,,9.64
SpecifiedAnnualDemand,OP15C,CR,,E1FWO,,,2022,,,,,,9.43
SpecifiedAnnualDemand,OP15C,CR,,E1FWO,,,2023,,,,,,9.24
SpecifiedAnnualDemand,OP15C,CR,,E1FWO,,,2024,,,,,,9.04
SpecifiedAnnualDemand,OP15C,CR,,E1FWO,,,2025,,,,,,8.85
SpecifiedAnnualDemand,OP15C,CR,,E1FWO,,,2026,,,,,,8.64
SpecifiedAnnualDemand,OP15C,CR,,E1FWO,,,2027,,,,,,8.45
SpecifiedAnnualDemand,OP15C,CR,,E1FWO,,,2028,,,,,,8.26
SpecifiedAnnualDemand,OP15C,CR,,E1FWO,,,2029,,,,,,8.06
SpecifiedAnnualDemand,OP15C,CR,,E1FWO,,,2030,,,,,,7.86
SpecifiedAnnualDemand,OP15C,CR,,E1FWO,,,2031,,,,,,7.67
SpecifiedAnnualDemand,OP15C,CR,,E1FWO,,,2032,,,,,,7.46
SpecifiedAnnualDemand,OP15C,CR,,E1FWO,,,2033,,,,,,7.27
SpecifiedAnnualDemand,OP15C,CR,,E1FWO,,,2034,,,,,,7.07
SpecifiedAnnualDemand,OP15C,CR,,E1FWO,,,2035,,,,,,6.87
SpecifiedAnnualDemand,OP15C,CR,,E1FWO,,,2036,,,,,,6.67
SpecifiedAnnualDemand,OP15C,CR,,E1FWO,,,2037,,,,,,6.48
SpecifiedAnnualDemand,OP15C,CR,,E1FWO,,,2038,,,,,,6.27
SpecifiedAnnualDemand,OP15C,CR,,E1FWO,,,2039,,,,,,6.08
SpecifiedAnnualDemand,OP15C,CR,,E1FWO,,,2040,,,,,,5.88
SpecifiedAnnualDemand,OP15C,CR,,E1FWO,,,2041,,,,,,5.68
SpecifiedAnnualDemand,OP15C,CR,,E1FWO,,,2042,,,,,,5.48
SpecifiedAnnualDemand,OP15C,CR,,E1FWO,,,2043,,,,,,5.28
SpecifiedAnnualDemand,OP15C,CR,,E1FWO,,,2044,,,,,,5.08
SpecifiedAnnualDemand,OP15C,CR,,E1FWO,,,2045,,,,,,4.88
SpecifiedAnnualDemand,OP15C,CR,,E1FWO,,,2046,,,,,,4.69
SpecifiedAnnualDemand,OP15C,CR,,E1FWO,,,2047,,,,,,4.49
SpecifiedAnnualDemand,OP15C,CR,,E1FWO,,,2048,,,,,,4.29
SpecifiedAnnualDemand,OP15C,CR,,E1FWO,,,2049,,,,,,4.09
SpecifiedAnnualDemand,OP15C,CR,,E1FWO,,,2050,,,,,,3.9
SpecifiedAnnualDemand,OP15C,CR,,E1JEFU,,,2015,,,,,,7.58
SpecifiedAnnualDemand,OP15C,CR,,E1JEFU,,,2016,,,,,,7.98
SpecifiedAnnualDemand,OP15C,CR,,E1JEFU,,,2017,,,,,,8.23
SpecifiedAnnualDemand,OP15C,CR,,E1JEFU,,,2018,,,,,,8.47
SpecifiedAnnualDemand,OP15C,CR,,E1JEFU,,,2019,,,,,,8.72
SpecifiedAnnualDemand,OP15C,CR,,E1JEFU,,,2020,,,,,,8.96
SpecifiedAnnualDemand,OP15C,CR,,E1JEFU,,,2021,,,,,,9.21
SpecifiedAnnualDemand,OP15C,CR,,E1JEFU,,,2022,,,,,,9.45
SpecifiedAnnualDemand,OP15C,CR,,E1JEFU,,,2023,,,,,,9.7
SpecifiedAnnualDemand,OP15C,CR,,E1JEFU,,,2024,,,,,,9.94
SpecifiedAnnualDemand,OP15C,CR,,E1JEFU,,,2025,,,,,,10.19
SpecifiedAnnualDemand,OP15C,CR,,E1JEFU,,,2026,,,,,,10.43
SpecifiedAnnualDemand,OP15C,CR,,E1JEFU,,,2027,,,,,,10.68
SpecifiedAnnualDemand,OP15C,CR,,E1JEFU,,,2028,,,,,,10.92
SpecifiedAnnualDemand,OP15C,CR,,E1JEFU,,,2029,,,,,,11.17
SpecifiedAnnualDemand,OP15C,CR,,E1JEFU,,,2030,,,,,,11.42
SpecifiedAnnualDemand,OP15C,CR,,E1JEFU,,,2031,,,,,,11.66
SpecifiedAnnualDemand,OP15C,CR,,E1JEFU,,,2032,,,,,,11.91
SpecifiedAnnualDemand,OP15C,CR,,E1JEFU,,,2033,,,,,,12.15
SpecifiedAnnualDemand,OP15C,CR,,E1JEFU,,,2034,,,,,,12.4
SpecifiedAnnualDemand,OP15C,CR,,E1JEFU,,,2035,,,,,,12.64
SpecifiedAnnualDemand,OP15C,CR,,E1JEFU,,,2036,,,,,,12.89
SpecifiedAnnualDemand,OP15C,CR,,E1JEFU,,,2037,,,,,,13.13
SpecifiedAnnualDemand,OP15C,CR,,E1JEFU,,,2038,,,,,,13.38
SpecifiedAnnualDemand,OP15C,CR,,E1JEFU,,,2039,,,,,,13.62
SpecifiedAnnualDemand,OP15C,CR,,E1JEFU,,,2040,,,,,,13.87
SpecifiedAnnualDemand,OP15C,CR,,E1JEFU,,,2041,,,,,,14.11
SpecifiedAnnualDemand,OP15C,CR,,E1JEFU,,,2042,,,,,,14.36
SpecifiedAnnualDemand,OP15C,CR,,E1JEFU,,,2043,,,,,,14.6
SpecifiedAnnualDemand,OP15C,CR,,E1JEFU,,,2044,,,,,,14.85
SpecifiedAnnualDemand,OP15C,CR,,E1JEFU,,,2045,,,,,,15.09
SpecifiedAnnualDemand,OP15C,CR,,E1JEFU,,,2046,,,,,,15.34
SpecifiedAnnualDemand,OP15C,CR,,E1JEFU,,,2047,,,,,,15.59
SpecifiedAnnualDemand,OP15C,CR,,E1JEFU,,,2048,,,,,,15.83
SpecifiedAnnualDemand,OP15C,CR,,E1JEFU,,,2049,,,,,,16.08
SpecifiedAnnualDemand,OP15C,CR,,E1JEFU,,,2050,,,,,,16.32
SpecifiedAnnualDemand,OP15C,CR,,E1PCO,,,2015,,,,,,3.21
SpecifiedAnnualDemand,OP15C,CR,,E1PCO,,,2016,,,,,,3.21
SpecifiedAnnualDemand,OP15C,CR,,E1PCO,,,2017,,,,,,3.21
SpecifiedAnnualDemand,OP15C,CR,,E1PCO,,,2018,,,,,,3.21
SpecifiedAnnualDemand,OP15C,CR,,E1PCO,,,2019,,,,,,3.21
SpecifiedAnnualDemand,OP15C,CR,,E1PCO,,,2020,,,,,,3.21
SpecifiedAnnualDemand,OP15C,CR,,E1PCO,,,2021,,,,,,3.21
SpecifiedAnnualDemand,OP15C,CR,,E1PCO,,,2022,,,,,,3.21
SpecifiedAnnualDemand,OP15C,CR,,E1PCO,,,2023,,,,,,3.21
SpecifiedAnnualDemand,OP15C,CR,,E1PCO,,,2024,,,,,,3.21
SpecifiedAnnualDemand,OP15C,CR,,E1PCO,,,2025,,,,,,3.21
SpecifiedAnnualDemand,OP15C,CR,,E1PCO,,,2026,,,,,,3.21
SpecifiedAnnualDemand,OP15C,CR,,E1PCO,,,2027,,,,,,3.21
SpecifiedAnnualDemand,OP15C,CR,,E1PCO,,,2028,,,,,,3.21
SpecifiedAnnualDemand,OP15C,CR,,E1PCO,,,2029,,,,,,3.21
SpecifiedAnnualDemand,OP15C,CR,,E1PCO,,,2030,,,,,,3.21
SpecifiedAnnualDemand,OP15C,CR,,E1PCO,,,2031,,,,,,3.21
SpecifiedAnnualDemand,OP15C,CR,,E1PCO,,,2032,,,,,,3.21
SpecifiedAnnualDemand,OP15C,CR,,E1PCO,,,2033,,,,,,3.21
SpecifiedAnnualDemand,OP15C,CR,,E1PCO,,,2034,,,,,,3.21
SpecifiedAnnualDemand,OP15C,CR,,E1PCO,,,2035,,,,,,3.21
SpecifiedAnnualDemand,OP15C,CR,,E1PCO,,,2036,,,,,,3.21
SpecifiedAnnualDemand,OP15C,CR,,E1PCO,,,2037,,,,,,3.21
SpecifiedAnnualDemand,OP15C,CR,,E1PCO,,,2038,,,,,,3.21
SpecifiedAnnualDemand,OP15C,CR,,E1PCO,,,2039,,,,,,3.21
SpecifiedAnnualDemand,OP15C,CR,,E1PCO,,,2040,,,,,,3.21
SpecifiedAnnualDemand,OP15C,CR,,E1PCO,,,2041,,,,,,3.21
SpecifiedAnnualDemand,OP15C,CR,,E1PCO,,,2042,,,,,,3.21
SpecifiedAnnualDemand,OP15C,CR,,E1PCO,,,2043,,,,,,3.21
SpecifiedAnnualDemand,OP15C,CR,,E1PCO,,,2044,,,,,,3.21
SpecifiedAnnualDemand,OP15C,CR,,E1PCO,,,2045,,,,,,3.21
SpecifiedAnnualDemand,OP15C,CR,,E1PCO,,,2046,,,,,,3.21
SpecifiedAnnualDemand,OP15C,CR,,E1PCO,,,2047,,,,,,3.21
SpecifiedAnnualDemand,OP15C,CR,,E1PCO,,,2048,,,,,,3.21
SpecifiedAnnualDemand,OP15C,CR,,E1PCO,,,2049,,,,,,3.21
SpecifiedAnnualDemand,OP15C,CR,,E1PCO,,,2050,,,,,,3.21
SpecifiedAnnualDemand,OP15C,CR,,E6TDFREHEA,,,2015,,,,,,20.87
SpecifiedAnnualDemand,OP15C,CR,,E6TDFREHEA,,,2016,,,,,,21.73
SpecifiedAnnualDemand,OP15C,CR,,E6TDFREHEA,,,2017,,,,,,22.29
SpecifiedAnnualDemand,OP15C,CR,,E6TDFREHEA,,,2018,,,,,,22.86
SpecifiedAnnualDemand,OP15C,CR,,E6TDFREHEA,,,2019,,,,,,23.43
SpecifiedAnnualDemand,OP15C,CR,,E6TDFREHEA,,,2020,,,,,,23.99
SpecifiedAnnualDemand,OP15C,CR,,E6TDFREHEA,,,2021,,,,,,24.42
SpecifiedAnnualDemand,OP15C,CR,,E6TDFREHEA,,,2022,,,,,,24.8501
SpecifiedAnnualDemand,OP15C,CR,,E6TDFREHEA,,,2023,,,,,,25.2801
SpecifiedAnnualDemand,OP15C,CR,,E6TDFREHEA,,,2024,,,,,,25.7101
SpecifiedAnnualDemand,OP15C,CR,,E6TDFREHEA,,,2025,,,,,,26.1402
SpecifiedAnnualDemand,OP15C,CR,,E6TDFREHEA,,,2026,,,,,,26.5702
SpecifiedAnnualDemand,OP15C,CR,,E6TDFREHEA,,,2027,,,,,,27.0002
SpecifiedAnnualDemand,OP15C,CR,,E6TDFREHEA,,,2028,,,,,,27.4303
SpecifiedAnnualDemand,OP15C,CR,,E6TDFREHEA,,,2029,,,,,,27.8603
SpecifiedAnnualDemand,OP15C,CR,,E6TDFREHEA,,,2030,,,,,,28.2903
SpecifiedAnnualDemand,OP15C,CR,,E6TDFREHEA,,,2031,,,,,,28.7204
SpecifiedAnnualDemand,OP15C,CR,,E6TDFREHEA,,,2032,,,,,,29.1504
SpecifiedAnnualDemand,OP15C,CR,,E6TDFREHEA,,,2033,,,,,,29.5804
SpecifiedAnnualDemand,OP15C,CR,,E6TDFREHEA,,,2034,,,,,,30.0105
SpecifiedAnnualDemand,OP15C,CR,,E6TDFREHEA,,,2035,,,,,,30.4405
SpecifiedAnnualDemand,OP15C,CR,,E6TDFREHEA,,,2036,,,,,,30.8705
SpecifiedAnnualDemand,OP15C,CR,,E6TDFREHEA,,,2037,,,,,,31.3006
SpecifiedAnnualDemand,OP15C,CR,,E6TDFREHEA,,,2038,,,,,,31.7306
SpecifiedAnnualDemand,OP15C,CR,,E6TDFREHEA,,,2039,,,,,,32.1606
SpecifiedAnnualDemand,OP15C,CR,,E6TDFREHEA,,,2040,,,,,,32.5907
SpecifiedAnnualDemand,OP15C,CR,,E6TDFREHEA,,,2041,,,,,,33.0207
SpecifiedAnnualDemand,OP15C,CR,,E6TDFREHEA,,,2042,,,,,,33.4507
SpecifiedAnnualDemand,OP15C,CR,,E6TDFREHEA,,,2043,,,,,,33.8808
SpecifiedAnnualDemand,OP15C,CR,,E6TDFREHEA,,,2044,,,,,,34.3108
SpecifiedAnnualDemand,OP15C,CR,,E6TDFREHEA,,,2045,,,,,,34.7408
SpecifiedAnnualDemand,OP15C,CR,,E6TDFREHEA,,,2046,,,,,,35.1709
SpecifiedAnnualDemand,OP15C,CR,,E6TDFREHEA,,,2047,,,,,,35.6009
SpecifiedAnnualDemand,OP15C,CR,,E6TDFREHEA,,,2048,,,,,,36.0309
SpecifiedAnnualDemand,OP15C,CR,,E6TDFREHEA,,,2049,,,,,,36.461
SpecifiedAnnualDemand,OP15C,CR,,E6TDFREHEA,,,2050,,,,,,36.891
SpecifiedAnnualDemand,OP15C,CR,,E6TDFRELIG,,,2015,,,,,,6.1127
SpecifiedAnnualDemand,OP15C,CR,,E6TDFRELIG,,,2016,,,,,,6.3777
SpecifiedAnnualDemand,OP15C,CR,,E6TDFRELIG,,,2017,,,,,,6.5712
SpecifiedAnnualDemand,OP15C,CR,,E6TDFRELIG,,,2018,,,,,,6.7646
SpecifiedAnnualDemand,OP15C,CR,,E6TDFRELIG,,,2019,,,,,,6.951
SpecifiedAnnualDemand,OP15C,CR,,E6TDFRELIG,,,2020,,,,,,7.1444
SpecifiedAnnualDemand,OP15C,CR,,E6TDFRELIG,,,2021,,,,,,7.3378
SpecifiedAnnualDemand,OP15C,CR,,E6TDFRELIG,,,2022,,,,,,7.5241
SpecifiedAnnualDemand,OP15C,CR,,E6TDFRELIG,,,2023,,,,,,7.7176
SpecifiedAnnualDemand,OP15C,CR,,E6TDFRELIG,,,2024,,,,,,7.9111
SpecifiedAnnualDemand,OP15C,CR,,E6TDFRELIG,,,2025,,,,,,8.1045
SpecifiedAnnualDemand,OP15C,CR,,E6TDFRELIG,,,2026,,,,,,8.2441
SpecifiedAnnualDemand,OP15C,CR,,E6TDFRELIG,,,2027,,,,,,8.3838
SpecifiedAnnualDemand,OP15C,CR,,E6TDFRELIG,,,2028,,,,,,8.5234
SpecifiedAnnualDemand,OP15C,CR,,E6TDFRELIG,,,2029,,,,,,8.663
SpecifiedAnnualDemand,OP15C,CR,,E6TDFRELIG,,,2030,,,,,,8.8027
SpecifiedAnnualDemand,OP15C,CR,,E6TDFRELIG,,,2031,,,,,,8.9423
SpecifiedAnnualDemand,OP15C,CR,,E6TDFRELIG,,,2032,,,,,,9.0819
SpecifiedAnnualDemand,OP15C,CR,,E6TDFRELIG,,,2033,,,,,,9.2216
SpecifiedAnnualDemand,OP15C,CR,,E6TDFRELIG,,,2034,,,,,,9.3612
SpecifiedAnnualDemand,OP15C,CR,,E6TDFRELIG,,,2035,,,,,,9.5008
SpecifiedAnnualDemand,OP15C,CR,,E6TDFRELIG,,,2036,,,,,,9.6405
SpecifiedAnnualDemand,OP15C,CR,,E6TDFRELIG,,,2037,,,,,,9.7801
SpecifiedAnnualDemand,OP15C,CR,,E6TDFRELIG,,,2038,,,,,,9.9197
SpecifiedAnnualDemand,OP15C,CR,,E6TDFRELIG,,,2039,,,,,,10.0594
SpecifiedAnnualDemand,OP15C,CR,,E6TDFRELIG,,,2040,,,,,,10.199
SpecifiedAnnualDemand,OP15C,CR,,E6TDFRELIG,,,2041,,,,,,10.3386
SpecifiedAnnualDemand,OP15C,CR,,E6TDFRELIG,,,2042,,,,,,10.4783
SpecifiedAnnualDemand,OP15C,CR,,E6TDFRELIG,,,2043,,,,,,10.6179
SpecifiedAnnualDemand,OP15C,CR,,E6TDFRELIG,,,2044,,,,,,10.7575
SpecifiedAnnualDemand,OP15C,CR,,E6TDFRELIG,,,2045,,,,,,10.8972
SpecifiedAnnualDemand,OP15C,CR,,E6TDFRELIG,,,2046,,,,,,11.0368
SpecifiedAnnualDemand,OP15C,CR,,E6TDFRELIG,,,2047,,,,,,11.1764
SpecifiedAnnualDemand,OP15C,CR,,E6TDFRELIG,,,2048,,,,,,11.3161
SpecifiedAnnualDemand,OP15C,CR,,E6TDFRELIG,,,2049,,,,,,11.4557
SpecifiedAnnualDemand,OP15C,CR,,E6TDFRELIG,,,2050,,,,,,11.5953
SpecifiedAnnualDemand,OP15C,CR,,E6TDPASPRIV,,,2015,,,,,,24.57
SpecifiedAnnualDemand,OP15C,CR,,E6TDPASPRIV,,,2016,,,,,,25.8974
SpecifiedAnnualDemand,OP15C,CR,,E6TDPASPRIV,,,2017,,,,,,26.69
SpecifiedAnnualDemand,OP15C,CR,,E6TDPASPRIV,,,2018,,,,,,27.48
SpecifiedAnnualDemand,OP15C,CR,,E6TDPASPRIV,,,2019,,,,,,28.26
SpecifiedAnnualDemand,OP15C,CR,,E6TDPASPRIV,,,2020,,,,,,29.0499
SpecifiedAnnualDemand,OP15C,CR,,E6TDPASPRIV,,,2021,,,,,,29.84
SpecifiedAnnualDemand,OP15C,CR,,E6TDPASPRIV,,,2022,,,,,,30.63
SpecifiedAnnualDemand,OP15C,CR,,E6TDPASPRIV,,,2023,,,,,,31.3373
SpecifiedAnnualDemand,OP15C,CR,,E6TDPASPRIV,,,2024,,,,,,32.0938
SpecifiedAnnualDemand,OP15C,CR,,E6TDPASPRIV,,,2025,,,,,,32.8344
SpecifiedAnnualDemand,OP15C,CR,,E6TDPASPRIV,,,2026,,,,,,33.552
SpecifiedAnnualDemand,OP15C,CR,,E6TDPASPRIV,,,2027,,,,,,34.2289
SpecifiedAnnualDemand,OP15C,CR,,E6TDPASPRIV,,,2028,,,,,,34.8585
SpecifiedAnnualDemand,OP15C,CR,,E6TDPASPRIV,,,2029,,,,,,35.418
SpecifiedAnnualDemand,OP15C,CR,,E6TDPASPRIV,,,2030,,,,,,35.8725
SpecifiedAnnualDemand,OP15C,CR,,E6TDPASPRIV,,,2031,,,,,,36.1686
SpecifiedAnnualDemand,OP15C,CR,,E6TDPASPRIV,,,2032,,,,,,36.2706
SpecifiedAnnualDemand,OP15C,CR,,E6TDPASPRIV,,,2033,,,,,,36.1216
SpecifiedAnnualDemand,OP15C,CR,,E6TDPASPRIV,,,2034,,,,,,35.6755
SpecifiedAnnualDemand,OP15C,CR,,E6TDPASPRIV,,,2035,,,,,,34.9582
SpecifiedAnnualDemand,OP15C,CR,,E6TDPASPRIV,,,2036,,,,,,34.0425
SpecifiedAnnualDemand,OP15C,CR,,E6TDPASPRIV,,,2037,,,,,,33.0684
SpecifiedAnnualDemand,OP15C,CR,,E6TDPASPRIV,,,2038,,,,,,32.1689
SpecifiedAnnualDemand,OP15C,CR,,E6TDPASPRIV,,,2039,,,,,,31.4722
SpecifiedAnnualDemand,OP15C,CR,,E6TDPASPRIV,,,2040,,,,,,31.02
SpecifiedAnnualDemand,OP15C,CR,,E6TDPASPRIV,,,2041,,,,,,30.7833
SpecifiedAnnualDemand,OP15C,CR,,E6TDPASPRIV,,,2042,,,,,,30.7341
SpecifiedAnnualDemand,OP15C,CR,,E6TDPASPRIV,,,2043,,,,,,30.8304
SpecifiedAnnualDemand,OP15C,CR,,E6TDPASPRIV,,,2044,,,,,,31.0568
SpecifiedAnnualDemand,OP15C,CR,,E6TDPASPRIV,,,2045,,,,,,31.3604
SpecifiedAnnualDemand,OP15C,CR,,E6TDPASPRIV,,,2046,,,,,,31.7162
SpecifiedAnnualDemand,OP15C,CR,,E6TDPASPRIV,,,2047,,,,,,32.1119
SpecifiedAnnualDemand,OP15C,CR,,E6TDPASPRIV,,,2048,,,,,,32.5505
SpecifiedAnnualDemand,OP15C,CR,,E6TDPASPRIV,,,2049,,,,,,32.9981
SpecifiedAnnualDemand,OP15C,CR,,E6TDPASPRIV,,,2050,,,,,,33.4673
SpecifiedAnnualDemand,OP15C,CR,,E6TDPASSPUB,,,2015,,,,,,15.7949
SpecifiedAnnualDemand,OP15C,CR,,E6TDPASSPUB,,,2016,,,,,,16.4702
SpecifiedAnnualDemand,OP15C,CR,,E6TDPASSPUB,,,2017,,,,,,16.92
SpecifiedAnnualDemand,OP15C,CR,,E6TDPASSPUB,,,2018,,,,,,17.3401
SpecifiedAnnualDemand,OP15C,CR,,E6TDPASSPUB,,,2019,,,,,,17.7792
SpecifiedAnnualDemand,OP15C,CR,,E6TDPASSPUB,,,2020,,,,,,18.2292
SpecifiedAnnualDemand,OP15C,CR,,E6TDPASSPUB,,,2021,,,,,,18.6357
SpecifiedAnnualDemand,OP15C,CR,,E6TDPASSPUB,,,2022,,,,,,19.0727
SpecifiedAnnualDemand,OP15C,CR,,E6TDPASSPUB,,,2023,,,,,,19.5295
SpecifiedAnnualDemand,OP15C,CR,,E6TDPASSPUB,,,2024,,,,,,19.9622
SpecifiedAnnualDemand,OP15C,CR,,E6TDPASSPUB,,,2025,,,,,,20.4114
SpecifiedAnnualDemand,OP15C,CR,,E6TDPASSPUB,,,2026,,,,,,20.8762
SpecifiedAnnualDemand,OP15C,CR,,E6TDPASSPUB,,,2027,,,,,,21.3251
SpecifiedAnnualDemand,OP15C,CR,,E6TDPASSPUB,,,2028,,,,,,21.7988
SpecifiedAnnualDemand,OP15C,CR,,E6TDPASSPUB,,,2029,,,,,,22.3485
SpecifiedAnnualDemand,OP15C,CR,,E6TDPASSPUB,,,2030,,,,,,22.9381
SpecifiedAnnualDemand,OP15C,CR,,E6TDPASSPUB,,,2031,,,,,,23.6152
SpecifiedAnnualDemand,OP15C,CR,,E6TDPASSPUB,,,2032,,,,,,24.4084
SpecifiedAnnualDemand,OP15C,CR,,E6TDPASSPUB,,,2033,,,,,,25.3945
SpecifiedAnnualDemand,OP15C,CR,,E6TDPASSPUB,,,2034,,,,,,26.6026
SpecifiedAnnualDemand,OP15C,CR,,E6TDPASSPUB,,,2035,,,,,,27.9853
SpecifiedAnnualDemand,OP15C,CR,,E6TDPASSPUB,,,2036,,,,,,29.5158
SpecifiedAnnualDemand,OP15C,CR,,E6TDPASSPUB,,,2037,,,,,,31.0987
SpecifiedAnnualDemand,OP15C,CR,,E6TDPASSPUB,,,2038,,,,,,32.5931
SpecifiedAnnualDemand,OP15C,CR,,E6TDPASSPUB,,,2039,,,,,,33.9418
SpecifiedAnnualDemand,OP15C,CR,,E6TDPASSPUB,,,2040,,,,,,35.0693
SpecifiedAnnualDemand,OP15C,CR,,E6TDPASSPUB,,,2041,,,,,,36.0531
SpecifiedAnnualDemand,OP15C,CR,,E6TDPASSPUB,,,2042,,,,,,36.9105
SpecifiedAnnualDemand,OP15C,CR,,E6TDPASSPUB,,,2043,,,,,,37.6992
SpecifiedAnnualDemand,OP15C,CR,,E6TDPASSPUB,,,2044,,,,,,38.3676
SpecifiedAnnualDemand,OP15C,CR,,E6TDPASSPUB,,,2045,,,,,,39.0348
SpecifiedAnnualDemand,OP15C,CR,,E6TDPASSPUB,,,2046,,,,,,39.6724
SpecifiedAnnualDemand,OP15C,CR,,E6TDPASSPUB,,,2047,,,,,,40.3029
SpecifiedAnnualDemand,OP15C,CR,,E6TDPASSPUB,,,2048,,,,,,40.9043
SpecifiedAnnualDemand,OP15C,CR,,E6TDPASSPUB,,,2049,,,,,,41.5073
SpecifiedAnnualDemand,OP15C,CR,,E6TDPASSPUB,,,2050,,,,,,42.1124
SpecifiedAnnualDemand,OP15C,CR,,E6TRNOMOT,,,2015,,,,,,0.0
SpecifiedAnnualDemand,OP15C,CR,,E6TRNOMOT,,,2016,,,,,,0.0
SpecifiedAnnualDemand,OP15C,CR,,E6TRNOMOT,,,2017,,,,,,0.0
SpecifiedAnnualDemand,OP15C,CR,,E6TRNOMOT,,,2018,,,,,,0.0
SpecifiedAnnualDemand,OP15C,CR,,E6TRNOMOT,,,2019,,,,,,0.0
SpecifiedAnnualDemand,OP15C,CR,,E6TRNOMOT,,,2020,,,,,,0.0
SpecifiedAnnualDemand,OP15C,CR,,E6TRNOMOT,,,2021,,,,,,0.0
SpecifiedAnnualDemand,OP15C,CR,,E6TRNOMOT,,,2022,,,,,,0.0
SpecifiedAnnualDemand,OP15C,CR,,E6TRNOMOT,,,2023,,,,,,0.0614
SpecifiedAnnualDemand,OP15C,CR,,E6TRNOMOT,,,2024,,,,,,0.0873
SpecifiedAnnualDemand,OP15C,CR,,E6TRNOMOT,,,2025,,,,,,0.1239
SpecifiedAnnualDemand,OP15C,CR,,E6TRNOMOT,,,2026,,,,,,0.1754
SpecifiedAnnualDemand,OP15C,CR,,E6TRNOMOT,,,2027,,,,,,0.247
SpecifiedAnnualDemand,OP15C,CR,,E6TRNOMOT,,,2028,,,,,,0.3461
SpecifiedAnnualDemand,OP15C,CR,,E6TRNOMOT,,,2029,,,,,,0.482
SpecifiedAnnualDemand,OP15C,CR,,E6TRNOMOT,,,2030,,,,,,0.6651
SpecifiedAnnualDemand,OP15C,CR,,E6TRNOMOT,,,2031,,,,,,0.9071
SpecifiedAnnualDemand,OP15C,CR,,E6TRNOMOT,,,2032,,,,,,1.2192
SpecifiedAnnualDemand,OP15C,CR,,E6TRNOMOT,,,2033,,,,,,1.6099
SpecifiedAnnualDemand,OP15C,CR,,E6TRNOMOT,,,2034,,,,,,2.0808
SpecifiedAnnualDemand,OP15C,CR,,E6TRNOMOT,,,2035,,,,,,2.623
SpecifiedAnnualDemand,OP15C,CR,,E6TRNOMOT,,,2036,,,,,,3.219
SpecifiedAnnualDemand,OP15C,CR,,E6TRNOMOT,,,2037,,,,,,3.8427
SpecifiedAnnualDemand,OP15C,CR,,E6TRNOMOT,,,2038,,,,,,4.4617
SpecifiedAnnualDemand,OP15C,CR,,E6TRNOMOT,,,2039,,,,,,5.0509
SpecifiedAnnualDemand,OP15C,CR,,E6TRNOMOT,,,2040,,,,,,5.586
SpecifiedAnnualDemand,OP15C,CR,,E6TRNOMOT,,,2041,,,,,,6.0607
SpecifiedAnnualDemand,OP15C,CR,,E6TRNOMOT,,,2042,,,,,,6.4717
SpecifiedAnnualDemand,OP15C,CR,,E6TRNOMOT,,,2043,,,,,,6.8258
SpecifiedAnnualDemand,OP15C,CR,,E6TRNOMOT,,,2044,,,,,,7.1242
SpecifiedAnnualDemand,OP15C,CR,,E6TRNOMOT,,,2045,,,,,,7.384
SpecifiedAnnualDemand,OP15C,CR,,E6TRNOMOT,,,2046,,,,,,7.609
SpecifiedAnnualDemand,OP15C,CR,,E6TRNOMOT,,,2047,,,,,,7.8094
SpecifiedAnnualDemand,OP15C,CR,,E6TRNOMOT,,,2048,,,,,,7.9885
SpecifiedAnnualDemand,OP15C,CR,,E6TRNOMOT,,,2049,,,,,,8.1522
SpecifiedAnnualDemand,OP15C,CR,,E6TRNOMOT,,,2050,,,,,,8.3063
SpecifiedAnnualDemand,OP15C,CR,,E5DSLAGR,,,2015,,,,,,1.65261477
SpecifiedAnnualDemand,OP15C,CR,,E5DSLAGR,,,2016,,,,,,1.720444237
SpecifiedAnnualDemand,OP15C,CR,,E5DSLAGR,,,2017,,,,,,1.7653068
SpecifiedAnnualDemand,OP15C,CR,,E5DSLAGR,,,2018,,,,,,1.810169363
SpecifiedAnnualDemand,OP15C,CR,,E5DSLAGR,,,2019,,,,,,1.855031925
SpecifiedAnnualDemand,OP15C,CR,,E5DSLAGR,,,2020,,,,,,1.899894488
SpecifiedAnnualDemand,OP15C,CR,,E5DSLAGR,,,2021,,,,,,1.944757051
SpecifiedAnnualDemand,OP15C,CR,,E5DSLAGR,,,2022,,,,,,1.989619614
SpecifiedAnnualDemand,OP15C,CR,,E5DSLAGR,,,2023,,,,,,1.999706055
SpecifiedAnnualDemand,OP15C,CR,,E5DSLAGR,,,2024,,,,,,2.009792496
SpecifiedAnnualDemand,OP15C,CR,,E5DSLAGR,,,2025,,,,,,2.019878937
SpecifiedAnnualDemand,OP15C,CR,,E5DSLAGR,,,2026,,,,,,2.029965378
SpecifiedAnnualDemand,OP15C,CR,,E5DSLAGR,,,2027,,,,,,2.040051819
SpecifiedAnnualDemand,OP15C,CR,,E5DSLAGR,,,2028,,,,,,2.05013826
SpecifiedAnnualDemand,OP15C,CR,,E5DSLAGR,,,2029,,,,,,2.060224701
SpecifiedAnnualDemand,OP15C,CR,,E5DSLAGR,,,2030,,,,,,2.070311142
SpecifiedAnnualDemand,OP15C,CR,,E5DSLAGR,,,2031,,,,,,2.080397583
SpecifiedAnnualDemand,OP15C,CR,,E5DSLAGR,,,2032,,,,,,2.090484024
SpecifiedAnnualDemand,OP15C,CR,,E5DSLAGR,,,2033,,,,,,2.100570465
SpecifiedAnnualDemand,OP15C,CR,,E5DSLAGR,,,2034,,,,,,2.110656906
SpecifiedAnnualDemand,OP15C,CR,,E5DSLAGR,,,2035,,,,,,2.120743347
SpecifiedAnnualDemand,OP15C,CR,,E5DSLAGR,,,2036,,,,,,2.130829788
SpecifiedAnnualDemand,OP15C,CR,,E5DSLAGR,,,2037,,,,,,2.140916229
SpecifiedAnnualDemand,OP15C,CR,,E5DSLAGR,,,2038,,,,,,2.15100267
SpecifiedAnnualDemand,OP15C,CR,,E5DSLAGR,,,2039,,,,,,2.161089111
SpecifiedAnnualDemand,OP15C,CR,,E5DSLAGR,,,2040,,,,,,2.171175552
SpecifiedAnnualDemand,OP15C,CR,,E5DSLAGR,,,2041,,,,,,2.181261993
SpecifiedAnnualDemand,OP15C,CR,,E5DSLAGR,,,2042,,,,,,2.191348434
SpecifiedAnnualDemand,OP15C,CR,,E5DSLAGR,,,2043,,,,,,2.201434875
SpecifiedAnnualDemand,OP15C,CR,,E5DSLAGR,,,2044,,,,,,2.211521316
SpecifiedAnnualDemand,OP15C,CR,,E5DSLAGR,,,2045,,,,,,2.221607757
SpecifiedAnnualDemand,OP15C,CR,,E5DSLAGR,,,2046,,,,,,2.231694198
SpecifiedAnnualDemand,OP15C,CR,,E5DSLAGR,,,2047,,,,,,2.241780639
SpecifiedAnnualDemand,OP15C,CR,,E5DSLAGR,,,2048,,,,,,2.25186708
SpecifiedAnnualDemand,OP15C,CR,,E5DSLAGR,,,2049,,,,,,2.261953521
SpecifiedAnnualDemand,OP15C,CR,,E5DSLAGR,,,2050,,,,,,2.272039962
SpecifiedAnnualDemand,OP15C,CR,,E5DSLIND,,,2015,,,,,,2.892075848
SpecifiedAnnualDemand,OP15C,CR,,E5DSLIND,,,2016,,,,,,3.010777414
SpecifiedAnnualDemand,OP15C,CR,,E5DSLIND,,,2017,,,,,,3.089286899
SpecifiedAnnualDemand,OP15C,CR,,E5DSLIND,,,2018,,,,,,3.167796384
SpecifiedAnnualDemand,OP15C,CR,,E5DSLIND,,,2019,,,,,,3.246305869
SpecifiedAnnualDemand,OP15C,CR,,E5DSLIND,,,2020,,,,,,3.324815354
SpecifiedAnnualDemand,OP15C,CR,,E5DSLIND,,,2021,,,,,,3.403324839
SpecifiedAnnualDemand,OP15C,CR,,E5DSLIND,,,2022,,,,,,3.481834325
SpecifiedAnnualDemand,OP15C,CR,,E5DSLIND,,,2023,,,,,,3.499485597
SpecifiedAnnualDemand,OP15C,CR,,E5DSLIND,,,2024,,,,,,3.517136868
SpecifiedAnnualDemand,OP15C,CR,,E5DSLIND,,,2025,,,,,,3.53478814
SpecifiedAnnualDemand,OP15C,CR,,E5DSLIND,,,2026,,,,,,3.552439412
SpecifiedAnnualDemand,OP15C,CR,,E5DSLIND,,,2027,,,,,,3.570090684
SpecifiedAnnualDemand,OP15C,CR,,E5DSLIND,,,2028,,,,,,3.587741955
SpecifiedAnnualDemand,OP15C,CR,,E5DSLIND,,,2029,,,,,,3.605393227
SpecifiedAnnualDemand,OP15C,CR,,E5DSLIND,,,2030,,,,,,3.623044499
SpecifiedAnnualDemand,OP15C,CR,,E5DSLIND,,,2031,,,,,,3.640695771
SpecifiedAnnualDemand,OP15C,CR,,E5DSLIND,,,2032,,,,,,3.658347042
SpecifiedAnnualDemand,OP15C,CR,,E5DSLIND,,,2033,,,,,,3.675998314
SpecifiedAnnualDemand,OP15C,CR,,E5DSLIND,,,2034,,,,,,3.693649586
SpecifiedAnnualDemand,OP15C,CR,,E5DSLIND,,,2035,,,,,,3.711300858
SpecifiedAnnualDemand,OP15C,CR,,E5DSLIND,,,2036,,,,,,3.728952129
SpecifiedAnnualDemand,OP15C,CR,,E5DSLIND,,,2037,,,,,,3.746603401
SpecifiedAnnualDemand,OP15C,CR,,E5DSLIND,,,2038,,,,,,3.764254673
SpecifiedAnnualDemand,OP15C,CR,,E5DSLIND,,,2039,,,,,,3.781905944
SpecifiedAnnualDemand,OP15C,CR,,E5DSLIND,,,2040,,,,,,3.799557216
SpecifiedAnnualDemand,OP15C,CR,,E5DSLIND,,,2041,,,,,,3.817208488
SpecifiedAnnualDemand,OP15C,CR,,E5DSLIND,,,2042,,,,,,3.83485976
SpecifiedAnnualDemand,OP15C,CR,,E5DSLIND,,,2043,,,,,,3.852511031
SpecifiedAnnualDemand,OP15C,CR,,E5DSLIND,,,2044,,,,,,3.870162303
SpecifiedAnnualDemand,OP15C,CR,,E5DSLIND,,,2045,,,,,,3.887813575
SpecifiedAnnualDemand,OP15C,CR,,E5DSLIND,,,2046,,,,,,3.905464847
SpecifiedAnnualDemand,OP15C,CR,,E5DSLIND,,,2047,,,,,,3.923116118
SpecifiedAnnualDemand,OP15C,CR,,E5DSLIND,,,2048,,,,,,3.94076739
SpecifiedAnnualDemand,OP15C,CR,,E5DSLIND,,,2049,,,,,,3.958418662
SpecifiedAnnualDemand,OP15C,CR,,E5DSLIND,,,2050,,,,,,3.976069934
SpecifiedAnnualDemand,OP15C,CR,,E5LGPCOM,,,2015,,,,,,0.954486832
SpecifiedAnnualDemand,OP15C,CR,,E5LGPCOM,,,2016,,,,,,0.98830269
SpecifiedAnnualDemand,OP15C,CR,,E5LGPCOM,,,2017,,,,,,1.040168867
SpecifiedAnnualDemand,OP15C,CR,,E5LGPCOM,,,2018,,,,,,1.084194978
SpecifiedAnnualDemand,OP15C,CR,,E5LGPCOM,,,2019,,,,,,1.126046877
SpecifiedAnnualDemand,OP15C,CR,,E5LGPCOM,,,2020,,,,,,1.173177532
SpecifiedAnnualDemand,OP15C,CR,,E5LGPCOM,,,2021,,,,,,1.217202933
SpecifiedAnnualDemand,OP15C,CR,,E5LGPCOM,,,2022,,,,,,1.26122364
SpecifiedAnnualDemand,OP15C,CR,,E5LGPCOM,,,2023,,,,,,1.225151987
SpecifiedAnnualDemand,OP15C,CR,,E5LGPCOM,,,2024,,,,,,1.189080334
SpecifiedAnnualDemand,OP15C,CR,,E5LGPCOM,,,2025,,,,,,1.153008681
SpecifiedAnnualDemand,OP15C,CR,,E5LGPCOM,,,2026,,,,,,1.116937028
SpecifiedAnnualDemand,OP15C,CR,,E5LGPCOM,,,2027,,,,,,1.080865375
SpecifiedAnnualDemand,OP15C,CR,,E5LGPCOM,,,2028,,,,,,1.044793722
SpecifiedAnnualDemand,OP15C,CR,,E5LGPCOM,,,2029,,,,,,1.008722069
SpecifiedAnnualDemand,OP15C,CR,,E5LGPCOM,,,2030,,,,,,0.972650415
SpecifiedAnnualDemand,OP15C,CR,,E5LGPCOM,,,2031,,,,,,0.936578762
SpecifiedAnnualDemand,OP15C,CR,,E5LGPCOM,,,2032,,,,,,0.900507109
SpecifiedAnnualDemand,OP15C,CR,,E5LGPCOM,,,2033,,,,,,0.864435456
SpecifiedAnnualDemand,OP15C,CR,,E5LGPCOM,,,2034,,,,,,0.828363803
SpecifiedAnnualDemand,OP15C,CR,,E5LGPCOM,,,2035,,,,,,0.79229215
SpecifiedAnnualDemand,OP15C,CR,,E5LGPCOM,,,2036,,,,,,0.756220497
SpecifiedAnnualDemand,OP15C,CR,,E5LGPCOM,,,2037,,,,,,0.720148844
SpecifiedAnnualDemand,OP15C,CR,,E5LGPCOM,,,2038,,,,,,0.684077191
SpecifiedAnnualDemand,OP15C,CR,,E5LGPCOM,,,2039,,,,,,0.648005538
SpecifiedAnnualDemand,OP15C,CR,,E5LGPCOM,,,2040,,,,,,0.611933885
SpecifiedAnnualDemand,OP15C,CR,,E5LGPCOM,,,2041,,,,,,0.575862232
SpecifiedAnnualDemand,OP15C,CR,,E5LGPCOM,,,2042,,,,,,0.539790579
SpecifiedAnnualDemand,OP15C,CR,,E5LGPCOM,,,2043,,,,,,0.503718926
SpecifiedAnnualDemand,OP15C,CR,,E5LGPCOM,,,2044,,,,,,0.467647273
SpecifiedAnnualDemand,OP15C,CR,,E5LGPCOM,,,2045,,,,,,0.43157562
SpecifiedAnnualDemand,OP15C,CR,,E5LGPCOM,,,2046,,,,,,0.395503966
SpecifiedAnnualDemand,OP15C,CR,,E5LGPCOM,,,2047,,,,,,0.359432313
SpecifiedAnnualDemand,OP15C,CR,,E5LGPCOM,,,2048,,,,,,0.32336066
SpecifiedAnnualDemand,OP15C,CR,,E5LGPCOM,,,2049,,,,,,0.287289007
SpecifiedAnnualDemand,OP15C,CR,,E5LGPCOM,,,2050,,,,,,0.251217354
SpecifiedAnnualDemand,OP15C,CR,,E5LPGIND,,,2015,,,,,,2.795282867
SpecifiedAnnualDemand,OP15C,CR,,E5LPGIND,,,2016,,,,,,2.89431502
SpecifiedAnnualDemand,OP15C,CR,,E5LPGIND,,,2017,,,,,,3.046208824
SpecifiedAnnualDemand,OP15C,CR,,E5LPGIND,,,2018,,,,,,3.175142437
SpecifiedAnnualDemand,OP15C,CR,,E5LPGIND,,,2019,,,,,,3.297708712
SpecifiedAnnualDemand,OP15C,CR,,E5LPGIND,,,2020,,,,,,3.435734202
SpecifiedAnnualDemand,OP15C,CR,,E5LPGIND,,,2021,,,,,,3.564665731
SpecifiedAnnualDemand,OP15C,CR,,E5LPGIND,,,2022,,,,,,3.693583517
SpecifiedAnnualDemand,OP15C,CR,,E5LPGIND,,,2023,,,,,,3.587945104
SpecifiedAnnualDemand,OP15C,CR,,E5LPGIND,,,2024,,,,,,3.482306692
SpecifiedAnnualDemand,OP15C,CR,,E5LPGIND,,,2025,,,,,,3.376668279
SpecifiedAnnualDemand,OP15C,CR,,E5LPGIND,,,2026,,,,,,3.271029867
SpecifiedAnnualDemand,OP15C,CR,,E5LPGIND,,,2027,,,,,,3.165391454
SpecifiedAnnualDemand,OP15C,CR,,E5LPGIND,,,2028,,,,,,3.059753042
SpecifiedAnnualDemand,OP15C,CR,,E5LPGIND,,,2029,,,,,,2.954114629
SpecifiedAnnualDemand,OP15C,CR,,E5LPGIND,,,2030,,,,,,2.848476217
SpecifiedAnnualDemand,OP15C,CR,,E5LPGIND,,,2031,,,,,,2.742837804
SpecifiedAnnualDemand,OP15C,CR,,E5LPGIND,,,2032,,,,,,2.637199392
SpecifiedAnnualDemand,OP15C,CR,,E5LPGIND,,,2033,,,,,,2.531560979
SpecifiedAnnualDemand,OP15C,CR,,E5LPGIND,,,2034,,,,,,2.425922567
SpecifiedAnnualDemand,OP15C,CR,,E5LPGIND,,,2035,,,,,,2.320284154
SpecifiedAnnualDemand,OP15C,CR,,E5LPGIND,,,2036,,,,,,2.214645742
SpecifiedAnnualDemand,OP15C,CR,,E5LPGIND,,,2037,,,,,,2.109007329
SpecifiedAnnualDemand,OP15C,CR,,E5LPGIND,,,2038,,,,,,2.003368916
SpecifiedAnnualDemand,OP15C,CR,,E5LPGIND,,,2039,,,,,,1.897730504
SpecifiedAnnualDemand,OP15C,CR,,E5LPGIND,,,2040,,,,,,1.792092091
SpecifiedAnnualDemand,OP15C,CR,,E5LPGIND,,,2041,,,,,,1.686453679
SpecifiedAnnualDemand,OP15C,CR,,E5LPGIND,,,2042,,,,,,1.580815266
SpecifiedAnnualDemand,OP15C,CR,,E5LPGIND,,,2043,,,,,,1.475176854
SpecifiedAnnualDemand,OP15C,CR,,E5LPGIND,,,2044,,,,,,1.369538441
SpecifiedAnnualDemand,OP15C,CR,,E5LPGIND,,,2045,,,,,,1.263900029
SpecifiedAnnualDemand,OP15C,CR,,E5LPGIND,,,2046,,,,,,1.158261616
SpecifiedAnnualDemand,OP15C,CR,,E5LPGIND,,,2047,,,,,,1.052623204
SpecifiedAnnualDemand,OP15C,CR,,E5LPGIND,,,2048,,,,,,0.946984791
SpecifiedAnnualDemand,OP15C,CR,,E5LPGIND,,,2049,,,,,,0.841346379
SpecifiedAnnualDemand,OP15C,CR,,E5LPGIND,,,2050,,,,,,0.735707966
SpecifiedAnnualDemand,OP15C,CR,,E5LPGRES,,,2015,,,,,,2.522572343
SpecifiedAnnualDemand,OP15C,CR,,E5LPGRES,,,2016,,,,,,2.611942823
SpecifiedAnnualDemand,OP15C,CR,,E5LPGRES,,,2017,,,,,,2.749017719
SpecifiedAnnualDemand,OP15C,CR,,E5LPGRES,,,2018,,,,,,2.865372443
SpecifiedAnnualDemand,OP15C,CR,,E5LPGRES,,,2019,,,,,,2.975981033
SpecifiedAnnualDemand,OP15C,CR,,E5LPGRES,,,2020,,,,,,3.100540621
SpecifiedAnnualDemand,OP15C,CR,,E5LPGRES,,,2021,,,,,,3.216893465
SpecifiedAnnualDemand,OP15C,CR,,E5LPGRES,,,2022,,,,,,3.333233906
SpecifiedAnnualDemand,OP15C,CR,,E5LPGRES,,,2023,,,,,,3.23790168
SpecifiedAnnualDemand,OP15C,CR,,E5LPGRES,,,2024,,,,,,3.142569454
SpecifiedAnnualDemand,OP15C,CR,,E5LPGRES,,,2025,,,,,,3.047237228
SpecifiedAnnualDemand,OP15C,CR,,E5LPGRES,,,2026,,,,,,2.951905002
SpecifiedAnnualDemand,OP15C,CR,,E5LPGRES,,,2027,,,,,,2.856572776
SpecifiedAnnualDemand,OP15C,CR,,E5LPGRES,,,2028,,,,,,2.76124055
SpecifiedAnnualDemand,OP15C,CR,,E5LPGRES,,,2029,,,,,,2.665908324
SpecifiedAnnualDemand,OP15C,CR,,E5LPGRES,,,2030,,,,,,2.570576098
SpecifiedAnnualDemand,OP15C,CR,,E5LPGRES,,,2031,,,,,,2.475243872
SpecifiedAnnualDemand,OP15C,CR,,E5LPGRES,,,2032,,,,,,2.379911646
SpecifiedAnnualDemand,OP15C,CR,,E5LPGRES,,,2033,,,,,,2.28457942
SpecifiedAnnualDemand,OP15C,CR,,E5LPGRES,,,2034,,,,,,2.189247194
SpecifiedAnnualDemand,OP15C,CR,,E5LPGRES,,,2035,,,,,,2.093914969
SpecifiedAnnualDemand,OP15C,CR,,E5LPGRES,,,2036,,,,,,1.998582743
SpecifiedAnnualDemand,OP15C,CR,,E5LPGRES,,,2037,,,,,,1.903250517
SpecifiedAnnualDemand,OP15C,CR,,E5LPGRES,,,2038,,,,,,1.807918291
SpecifiedAnnualDemand,OP15C,CR,,E5LPGRES,,,2039,,,,,,1.712586065
SpecifiedAnnualDemand,OP15C,CR,,E5LPGRES,,,2040,,,,,,1.617253839
SpecifiedAnnualDemand,OP15C,CR,,E5LPGRES,,,2041,,,,,,1.521921613
SpecifiedAnnualDemand,OP15C,CR,,E5LPGRES,,,2042,,,,,,1.426589387
SpecifiedAnnualDemand,OP15C,CR,,E5LPGRES,,,2043,,,,,,1.331257161
SpecifiedAnnualDemand,OP15C,CR,,E5LPGRES,,,2044,,,,,,1.235924935
SpecifiedAnnualDemand,OP15C,CR,,E5LPGRES,,,2045,,,,,,1.140592709
SpecifiedAnnualDemand,OP15C,CR,,E5LPGRES,,,2046,,,,,,1.045260483
SpecifiedAnnualDemand,OP15C,CR,,E5LPGRES,,,2047,,,,,,0.949928257
SpecifiedAnnualDemand,OP15C,CR,,E5LPGRES,,,2048,,,,,,0.854596031
SpecifiedAnnualDemand,OP15C,CR,,E5LPGRES,,,2049,,,,,,0.759263805
SpecifiedAnnualDemand,OP15C,CR,,E5LPGRES,,,2050,,,,,,0.663931579
SpecifiedAnnualDemand,OP15C,CR,,E5FOIND,,,2015,,,,,,4.199910619
SpecifiedAnnualDemand,OP15C,CR,,E5FOIND,,,2016,,,,,,4.15551949
SpecifiedAnnualDemand,OP15C,CR,,E5FOIND,,,2017,,,,,,4.067342953
SpecifiedAnnualDemand,OP15C,CR,,E5FOIND,,,2018,,,,,,3.979166416
SpecifiedAnnualDemand,OP15C,CR,,E5FOIND,,,2019,,,,,,3.890989879
SpecifiedAnnualDemand,OP15C,CR,,E5FOIND,,,2020,,,,,,3.802813342
SpecifiedAnnualDemand,OP15C,CR,,E5FOIND,,,2021,,,,,,3.714636805
SpecifiedAnnualDemand,OP15C,CR,,E5FOIND,,,2022,,,,,,3.626460268
SpecifiedAnnualDemand,OP15C,CR,,E5FOIND,,,2023,,,,,,3.525881761
SpecifiedAnnualDemand,OP15C,CR,,E5FOIND,,,2024,,,,,,3.425303253
SpecifiedAnnualDemand,OP15C,CR,,E5FOIND,,,2025,,,,,,3.324724746
SpecifiedAnnualDemand,OP15C,CR,,E5FOIND,,,2026,,,,,,3.224146238
SpecifiedAnnualDemand,OP15C,CR,,E5FOIND,,,2027,,,,,,3.123567731
SpecifiedAnnualDemand,OP15C,CR,,E5FOIND,,,2028,,,,,,3.022989224
SpecifiedAnnualDemand,OP15C,CR,,E5FOIND,,,2029,,,,,,2.922410716
SpecifiedAnnualDemand,OP15C,CR,,E5FOIND,,,2030,,,,,,2.821832209
SpecifiedAnnualDemand,OP15C,CR,,E5FOIND,,,2031,,,,,,2.721253701
SpecifiedAnnualDemand,OP15C,CR,,E5FOIND,,,2032,,,,,,2.620675194
SpecifiedAnnualDemand,OP15C,CR,,E5FOIND,,,2033,,,,,,2.520096687
SpecifiedAnnualDemand,OP15C,CR,,E5FOIND,,,2034,,,,,,2.419518179
SpecifiedAnnualDemand,OP15C,CR,,E5FOIND,,,2035,,,,,,2.318939672
SpecifiedAnnualDemand,OP15C,CR,,E5FOIND,,,2036,,,,,,2.218361165
SpecifiedAnnualDemand,OP15C,CR,,E5FOIND,,,2037,,,,,,2.117782657
SpecifiedAnnualDemand,OP15C,CR,,E5FOIND,,,2038,,,,,,2.01720415
SpecifiedAnnualDemand,OP15C,CR,,E5FOIND,,,2039,,,,,,1.916625642
SpecifiedAnnualDemand,OP15C,CR,,E5FOIND,,,2040,,,,,,1.816047135
SpecifiedAnnualDemand,OP15C,CR,,E5FOIND,,,2041,,,,,,1.715468628
SpecifiedAnnualDemand,OP15C,CR,,E5FOIND,,,2042,,,,,,1.61489012
SpecifiedAnnualDemand,OP15C,CR,,E5FOIND,,,2043,,,,,,1.514311613
SpecifiedAnnualDemand,OP15C,CR,,E5FOIND,,,2044,,,,,,1.413733105
SpecifiedAnnualDemand,OP15C,CR,,E5FOIND,,,2045,,,,,,1.313154598
SpecifiedAnnualDemand,OP15C,CR,,E5FOIND,,,2046,,,,,,1.212576091
SpecifiedAnnualDemand,OP15C,CR,,E5FOIND,,,2047,,,,,,1.111997583
SpecifiedAnnualDemand,OP15C,CR,,E5FOIND,,,2048,,,,,,1.011419076
SpecifiedAnnualDemand,OP15C,CR,,E5FOIND,,,2049,,,,,,0.910840568
SpecifiedAnnualDemand,OP15C,CR,,E5FOIND,,,2050,,,,,,0.810262061
SpecifiedAnnualDemand,OP15C,CR,,E4ELC03AGR,,,2015,,,,,,1.018268512
SpecifiedAnnualDemand,OP15C,CR,,E4ELC03AGR,,,2016,,,,,,1.044904215
SpecifiedAnnualDemand,OP15C,CR,,E4ELC03AGR,,,2017,,,,,,1.071665853
SpecifiedAnnualDemand,OP15C,CR,,E4ELC03AGR,,,2018,,,,,,1.098427491
SpecifiedAnnualDemand,OP15C,CR,,E4ELC03AGR,,,2019,,,,,,1.125189129
SpecifiedAnnualDemand,OP15C,CR,,E4ELC03AGR,,,2020,,,,,,1.151950767
SpecifiedAnnualDemand,OP15C,CR,,E4ELC03AGR,,,2021,,,,,,1.178712406
SpecifiedAnnualDemand,OP15C,CR,,E4ELC03AGR,,,2022,,,,,,1.205474044
SpecifiedAnnualDemand,OP15C,CR,,E4ELC03AGR,,,2023,,,,,,1.232235682
SpecifiedAnnualDemand,OP15C,CR,,E4ELC03AGR,,,2024,,,,,,1.25899732
SpecifiedAnnualDemand,OP15C,CR,,E4ELC03AGR,,,2025,,,,,,1.285758958
SpecifiedAnnualDemand,OP15C,CR,,E4ELC03AGR,,,2026,,,,,,1.312520597
SpecifiedAnnualDemand,OP15C,CR,,E4ELC03AGR,,,2027,,,,,,1.339282235
SpecifiedAnnualDemand,OP15C,CR,,E4ELC03AGR,,,2028,,,,,,1.366043873
SpecifiedAnnualDemand,OP15C,CR,,E4ELC03AGR,,,2029,,,,,,1.392805511
SpecifiedAnnualDemand,OP15C,CR,,E4ELC03AGR,,,2030,,,,,,1.419567149
SpecifiedAnnualDemand,OP15C,CR,,E4ELC03AGR,,,2031,,,,,,1.446328788
SpecifiedAnnualDemand,OP15C,CR,,E4ELC03AGR,,,2032,,,,,,1.473090426
SpecifiedAnnualDemand,OP15C,CR,,E4ELC03AGR,,,2033,,,,,,1.499852064
SpecifiedAnnualDemand,OP15C,CR,,E4ELC03AGR,,,2034,,,,,,1.526613702
SpecifiedAnnualDemand,OP15C,CR,,E4ELC03AGR,,,2035,,,,,,1.55337534
SpecifiedAnnualDemand,OP15C,CR,,E4ELC03AGR,,,2036,,,,,,1.580136979
SpecifiedAnnualDemand,OP15C,CR,,E4ELC03AGR,,,2037,,,,,,1.606898617
SpecifiedAnnualDemand,OP15C,CR,,E4ELC03AGR,,,2038,,,,,,1.633660255
SpecifiedAnnualDemand,OP15C,CR,,E4ELC03AGR,,,2039,,,,,,1.660421893
SpecifiedAnnualDemand,OP15C,CR,,E4ELC03AGR,,,2040,,,,,,1.687183531
SpecifiedAnnualDemand,OP15C,CR,,E4ELC03AGR,,,2041,,,,,,1.71394517
SpecifiedAnnualDemand,OP15C,CR,,E4ELC03AGR,,,2042,,,,,,1.740706808
SpecifiedAnnualDemand,OP15C,CR,,E4ELC03AGR,,,2043,,,,,,1.767468446
SpecifiedAnnualDemand,OP15C,CR,,E4ELC03AGR,,,2044,,,,,,1.794230084
SpecifiedAnnualDemand,OP15C,CR,,E4ELC03AGR,,,2045,,,,,,1.820991722
SpecifiedAnnualDemand,OP15C,CR,,E4ELC03AGR,,,2046,,,,,,1.847753361
SpecifiedAnnualDemand,OP15C,CR,,E4ELC03AGR,,,2047,,,,,,1.874514999
SpecifiedAnnualDemand,OP15C,CR,,E4ELC03AGR,,,2048,,,,,,1.901276637
SpecifiedAnnualDemand,OP15C,CR,,E4ELC03AGR,,,2049,,,,,,1.928038275
SpecifiedAnnualDemand,OP15C,CR,,E4ELC03AGR,,,2050,,,,,,1.954799913
SpecifiedAnnualDemand,OP15C,CR,,E4ELC03COM,,,2015,,,,,,8.48557093
SpecifiedAnnualDemand,OP15C,CR,,E4ELC03COM,,,2016,,,,,,8.707535122
SpecifiedAnnualDemand,OP15C,CR,,E4ELC03COM,,,2017,,,,,,8.930548773
SpecifiedAnnualDemand,OP15C,CR,,E4ELC03COM,,,2018,,,,,,9.153562425
SpecifiedAnnualDemand,OP15C,CR,,E4ELC03COM,,,2019,,,,,,9.376576077
SpecifiedAnnualDemand,OP15C,CR,,E4ELC03COM,,,2020,,,,,,9.599589728
SpecifiedAnnualDemand,OP15C,CR,,E4ELC03COM,,,2021,,,,,,9.82260338
SpecifiedAnnualDemand,OP15C,CR,,E4ELC03COM,,,2022,,,,,,10.04561703
SpecifiedAnnualDemand,OP15C,CR,,E4ELC03COM,,,2023,,,,,,10.26863068
SpecifiedAnnualDemand,OP15C,CR,,E4ELC03COM,,,2024,,,,,,10.49164434
SpecifiedAnnualDemand,OP15C,CR,,E4ELC03COM,,,2025,,,,,,10.71465799
SpecifiedAnnualDemand,OP15C,CR,,E4ELC03COM,,,2026,,,,,,10.93767164
SpecifiedAnnualDemand,OP15C,CR,,E4ELC03COM,,,2027,,,,,,11.16068529
SpecifiedAnnualDemand,OP15C,CR,,E4ELC03COM,,,2028,,,,,,11.38369894
SpecifiedAnnualDemand,OP15C,CR,,E4ELC03COM,,,2029,,,,,,11.60671259
SpecifiedAnnualDemand,OP15C,CR,,E4ELC03COM,,,2030,,,,,,11.82972625
SpecifiedAnnualDemand,OP15C,CR,,E4ELC03COM,,,2031,,,,,,12.0527399
SpecifiedAnnualDemand,OP15C,CR,,E4ELC03COM,,,2032,,,,,,12.27575355
SpecifiedAnnualDemand,OP15C,CR,,E4ELC03COM,,,2033,,,,,,12.4987672
SpecifiedAnnualDemand,OP15C,CR,,E4ELC03COM,,,2034,,,,,,12.72178085
SpecifiedAnnualDemand,OP15C,CR,,E4ELC03COM,,,2035,,,,,,12.9447945
SpecifiedAnnualDemand,OP15C,CR,,E4ELC03COM,,,2036,,,,,,13.16780816
SpecifiedAnnualDemand,OP15C,CR,,E4ELC03COM,,,2037,,,,,,13.39082181
SpecifiedAnnualDemand,OP15C,CR,,E4ELC03COM,,,2038,,,,,,13.61383546
SpecifiedAnnualDemand,OP15C,CR,,E4ELC03COM,,,2039,,,,,,13.83684911
SpecifiedAnnualDemand,OP15C,CR,,E4ELC03COM,,,2040,,,,,,14.05986276
SpecifiedAnnualDemand,OP15C,CR,,E4ELC03COM,,,2041,,,,,,14.28287641
SpecifiedAnnualDemand,OP15C,CR,,E4ELC03COM,,,2042,,,,,,14.50589007
SpecifiedAnnualDemand,OP15C,CR,,E4ELC03COM,,,2043,,,,,,14.72890372
SpecifiedAnnualDemand,OP15C,CR,,E4ELC03COM,,,2044,,,,,,14.95191737
SpecifiedAnnualDemand,OP15C,CR,,E4ELC03COM,,,2045,,,,,,15.17493102
SpecifiedAnnualDemand,OP15C,CR,,E4ELC03COM,,,2046,,,,,,15.39794467
SpecifiedAnnualDemand,OP15C,CR,,E4ELC03COM,,,2047,,,,,,15.62095832
SpecifiedAnnualDemand,OP15C,CR,,E4ELC03COM,,,2048,,,,,,15.84397198
SpecifiedAnnualDemand,OP15C,CR,,E4ELC03COM,,,2049,,,,,,16.06698563
SpecifiedAnnualDemand,OP15C,CR,,E4ELC03COM,,,2050,,,,,,16.28999928
SpecifiedAnnualDemand,OP15C,CR,,E4ELC03IND,,,2015,,,,,,6.788456744
SpecifiedAnnualDemand,OP15C,CR,,E4ELC03IND,,,2016,,,,,,6.966028097
SpecifiedAnnualDemand,OP15C,CR,,E4ELC03IND,,,2017,,,,,,7.144439019
SpecifiedAnnualDemand,OP15C,CR,,E4ELC03IND,,,2018,,,,,,7.32284994
SpecifiedAnnualDemand,OP15C,CR,,E4ELC03IND,,,2019,,,,,,7.501260861
SpecifiedAnnualDemand,OP15C,CR,,E4ELC03IND,,,2020,,,,,,7.679671783
SpecifiedAnnualDemand,OP15C,CR,,E4ELC03IND,,,2021,,,,,,7.858082704
SpecifiedAnnualDemand,OP15C,CR,,E4ELC03IND,,,2022,,,,,,8.036493625
SpecifiedAnnualDemand,OP15C,CR,,E4ELC03IND,,,2023,,,,,,8.214904547
SpecifiedAnnualDemand,OP15C,CR,,E4ELC03IND,,,2024,,,,,,8.393315468
SpecifiedAnnualDemand,OP15C,CR,,E4ELC03IND,,,2025,,,,,,8.571726389
SpecifiedAnnualDemand,OP15C,CR,,E4ELC03IND,,,2026,,,,,,8.750137311
SpecifiedAnnualDemand,OP15C,CR,,E4ELC03IND,,,2027,,,,,,8.928548232
SpecifiedAnnualDemand,OP15C,CR,,E4ELC03IND,,,2028,,,,,,9.106959153
SpecifiedAnnualDemand,OP15C,CR,,E4ELC03IND,,,2029,,,,,,9.285370075
SpecifiedAnnualDemand,OP15C,CR,,E4ELC03IND,,,2030,,,,,,9.463780996
SpecifiedAnnualDemand,OP15C,CR,,E4ELC03IND,,,2031,,,,,,9.642191918
SpecifiedAnnualDemand,OP15C,CR,,E4ELC03IND,,,2032,,,,,,9.820602839
SpecifiedAnnualDemand,OP15C,CR,,E4ELC03IND,,,2033,,,,,,9.99901376
SpecifiedAnnualDemand,OP15C,CR,,E4ELC03IND,,,2034,,,,,,10.17742468
SpecifiedAnnualDemand,OP15C,CR,,E4ELC03IND,,,2035,,,,,,10.3558356
SpecifiedAnnualDemand,OP15C,CR,,E4ELC03IND,,,2036,,,,,,10.53424652
SpecifiedAnnualDemand,OP15C,CR,,E4ELC03IND,,,2037,,,,,,10.71265745
SpecifiedAnnualDemand,OP15C,CR,,E4ELC03IND,,,2038,,,,,,10.89106837
SpecifiedAnnualDemand,OP15C,CR,,E4ELC03IND,,,2039,,,,,,11.06947929
SpecifiedAnnualDemand,OP15C,CR,,E4ELC03IND,,,2040,,,,,,11.24789021
SpecifiedAnnualDemand,OP15C,CR,,E4ELC03IND,,,2041,,,,,,11.42630113
SpecifiedAnnualDemand,OP15C,CR,,E4ELC03IND,,,2042,,,,,,11.60471205
SpecifiedAnnualDemand,OP15C,CR,,E4ELC03IND,,,2043,,,,,,11.78312297
SpecifiedAnnualDemand,OP15C,CR,,E4ELC03IND,,,2044,,,,,,11.9615339
SpecifiedAnnualDemand,OP15C,CR,,E4ELC03IND,,,2045,,,,,,12.13994482
SpecifiedAnnualDemand,OP15C,CR,,E4ELC03IND,,,2046,,,,,,12.31835574
SpecifiedAnnualDemand,OP15C,CR,,E4ELC03IND,,,2047,,,,,,12.49676666
SpecifiedAnnualDemand,OP15C,CR,,E4ELC03IND,,,2048,,,,,,12.67517758
SpecifiedAnnualDemand,OP15C,CR,,E4ELC03IND,,,2049,,,,,,12.8535885
SpecifiedAnnualDemand,OP15C,CR,,E4ELC03IND,,,2050,,,,,,13.03199942
SpecifiedAnnualDemand,OP15C,CR,,E4ELC03PUB,,,2015,,,,,,4.412496884
SpecifiedAnnualDemand,OP15C,CR,,E4ELC03PUB,,,2016,,,,,,4.527918263
SpecifiedAnnualDemand,OP15C,CR,,E4ELC03PUB,,,2017,,,,,,4.643885362
SpecifiedAnnualDemand,OP15C,CR,,E4ELC03PUB,,,2018,,,,,,4.759852461
SpecifiedAnnualDemand,OP15C,CR,,E4ELC03PUB,,,2019,,,,,,4.87581956
SpecifiedAnnualDemand,OP15C,CR,,E4ELC03PUB,,,2020,,,,,,4.991786659
SpecifiedAnnualDemand,OP15C,CR,,E4ELC03PUB,,,2021,,,,,,5.107753758
SpecifiedAnnualDemand,OP15C,CR,,E4ELC03PUB,,,2022,,,,,,5.223720857
SpecifiedAnnualDemand,OP15C,CR,,E4ELC03PUB,,,2023,,,,,,5.339687955
SpecifiedAnnualDemand,OP15C,CR,,E4ELC03PUB,,,2024,,,,,,5.455655054
SpecifiedAnnualDemand,OP15C,CR,,E4ELC03PUB,,,2025,,,,,,5.571622153
SpecifiedAnnualDemand,OP15C,CR,,E4ELC03PUB,,,2026,,,,,,5.687589252
SpecifiedAnnualDemand,OP15C,CR,,E4ELC03PUB,,,2027,,,,,,5.803556351
SpecifiedAnnualDemand,OP15C,CR,,E4ELC03PUB,,,2028,,,,,,5.91952345
SpecifiedAnnualDemand,OP15C,CR,,E4ELC03PUB,,,2029,,,,,,6.035490549
SpecifiedAnnualDemand,OP15C,CR,,E4ELC03PUB,,,2030,,,,,,6.151457648
SpecifiedAnnualDemand,OP15C,CR,,E4ELC03PUB,,,2031,,,,,,6.267424746
SpecifiedAnnualDemand,OP15C,CR,,E4ELC03PUB,,,2032,,,,,,6.383391845
SpecifiedAnnualDemand,OP15C,CR,,E4ELC03PUB,,,2033,,,,,,6.499358944
SpecifiedAnnualDemand,OP15C,CR,,E4ELC03PUB,,,2034,,,,,,6.615326043
SpecifiedAnnualDemand,OP15C,CR,,E4ELC03PUB,,,2035,,,,,,6.731293142
SpecifiedAnnualDemand,OP15C,CR,,E4ELC03PUB,,,2036,,,,,,6.847260241
SpecifiedAnnualDemand,OP15C,CR,,E4ELC03PUB,,,2037,,,,,,6.96322734
SpecifiedAnnualDemand,OP15C,CR,,E4ELC03PUB,,,2038,,,,,,7.079194439
SpecifiedAnnualDemand,OP15C,CR,,E4ELC03PUB,,,2039,,,,,,7.195161537
SpecifiedAnnualDemand,OP15C,CR,,E4ELC03PUB,,,2040,,,,,,7.311128636
SpecifiedAnnualDemand,OP15C,CR,,E4ELC03PUB,,,2041,,,,,,7.427095735
SpecifiedAnnualDemand,OP15C,CR,,E4ELC03PUB,,,2042,,,,,,7.543062834
SpecifiedAnnualDemand,OP15C,CR,,E4ELC03PUB,,,2043,,,,,,7.659029933
SpecifiedAnnualDemand,OP15C,CR,,E4ELC03PUB,,,2044,,,,,,7.774997032
SpecifiedAnnualDemand,OP15C,CR,,E4ELC03PUB,,,2045,,,,,,7.890964131
SpecifiedAnnualDemand,OP15C,CR,,E4ELC03PUB,,,2046,,,,,,8.00693123
SpecifiedAnnualDemand,OP15C,CR,,E4ELC03PUB,,,2047,,,,,,8.122898328
SpecifiedAnnualDemand,OP15C,CR,,E4ELC03PUB,,,2048,,,,,,8.238865427
SpecifiedAnnualDemand,OP15C,CR,,E4ELC03PUB,,,2049,,,,,,8.354832526
SpecifiedAnnualDemand,OP15C,CR,,E4ELC03PUB,,,2050,,,,,,8.470799625
SpecifiedAnnualDemand,OP15C,CR,,E4ELC03RES,,,2015,,,,,,12.89806781
SpecifiedAnnualDemand,OP15C,CR,,E4ELC03RES,,,2016,,,,,,13.23545338
SpecifiedAnnualDemand,OP15C,CR,,E4ELC03RES,,,2017,,,,,,13.57443414
SpecifiedAnnualDemand,OP15C,CR,,E4ELC03RES,,,2018,,,,,,13.91341489
SpecifiedAnnualDemand,OP15C,CR,,E4ELC03RES,,,2019,,,,,,14.25239564
SpecifiedAnnualDemand,OP15C,CR,,E4ELC03RES,,,2020,,,,,,14.59137639
SpecifiedAnnualDemand,OP15C,CR,,E4ELC03RES,,,2021,,,,,,14.93035714
SpecifiedAnnualDemand,OP15C,CR,,E4ELC03RES,,,2022,,,,,,15.26933789
SpecifiedAnnualDemand,OP15C,CR,,E4ELC03RES,,,2023,,,,,,15.60831864
SpecifiedAnnualDemand,OP15C,CR,,E4ELC03RES,,,2024,,,,,,15.94729939
SpecifiedAnnualDemand,OP15C,CR,,E4ELC03RES,,,2025,,,,,,16.28628014
SpecifiedAnnualDemand,OP15C,CR,,E4ELC03RES,,,2026,,,,,,16.62526089
SpecifiedAnnualDemand,OP15C,CR,,E4ELC03RES,,,2027,,,,,,16.96424164
SpecifiedAnnualDemand,OP15C,CR,,E4ELC03RES,,,2028,,,,,,17.30322239
SpecifiedAnnualDemand,OP15C,CR,,E4ELC03RES,,,2029,,,,,,17.64220314
SpecifiedAnnualDemand,OP15C,CR,,E4ELC03RES,,,2030,,,,,,17.98118389
SpecifiedAnnualDemand,OP15C,CR,,E4ELC03RES,,,2031,,,,,,18.32016464
SpecifiedAnnualDemand,OP15C,CR,,E4ELC03RES,,,2032,,,,,,18.65914539
SpecifiedAnnualDemand,OP15C,CR,,E4ELC03RES,,,2033,,,,,,18.99812614
SpecifiedAnnualDemand,OP15C,CR,,E4ELC03RES,,,2034,,,,,,19.3371069
SpecifiedAnnualDemand,OP15C,CR,,E4ELC03RES,,,2035,,,,,,19.67608765
SpecifiedAnnualDemand,OP15C,CR,,E4ELC03RES,,,2036,,,,,,20.0150684
SpecifiedAnnualDemand,OP15C,CR,,E4ELC03RES,,,2037,,,,,,20.35404915
SpecifiedAnnualDemand,OP15C,CR,,E4ELC03RES,,,2038,,,,,,20.6930299
SpecifiedAnnualDemand,OP15C,CR,,E4ELC03RES,,,2039,,,,,,21.03201065
SpecifiedAnnualDemand,OP15C,CR,,E4ELC03RES,,,2040,,,,,,21.3709914
SpecifiedAnnualDemand,OP15C,CR,,E4ELC03RES,,,2041,,,,,,21.70997215
SpecifiedAnnualDemand,OP15C,CR,,E4ELC03RES,,,2042,,,,,,22.0489529
SpecifiedAnnualDemand,OP15C,CR,,E4ELC03RES,,,2043,,,,,,22.38793365
SpecifiedAnnualDemand,OP15C,CR,,E4ELC03RES,,,2044,,,,,,22.7269144
SpecifiedAnnualDemand,OP15C,CR,,E4ELC03RES,,,2045,,,,,,23.06589515
SpecifiedAnnualDemand,OP15C,CR,,E4ELC03RES,,,2046,,,,,,23.4048759
SpecifiedAnnualDemand,OP15C,CR,,E4ELC03RES,,,2047,,,,,,23.74385665
SpecifiedAnnualDemand,OP15C,CR,,E4ELC03RES,,,2048,,,,,,24.0828374
SpecifiedAnnualDemand,OP15C,CR,,E4ELC03RES,,,2049,,,,,,24.42181815
SpecifiedAnnualDemand,OP15C,CR,,E4ELC03RES,,,2050,,,,,,24.7607989
